# Velocity_ms, Gamma, Proper_time_s, Dilated_time_s
3.889000000000000000e+03, 1.000000000084136254e+00, 8.640000000000000000e+04, 8.640000000726936560e+04
7.660000000000000000e+03, 1.000000000326410676e+00, 8.640000000000000000e+04, 8.640000002820188820e+04
7.590000000000000000e+03, 1.000000000320472315e+00, 8.640000000000000000e+04, 8.640000002768880222e+04
3.075000000000000000e+03, 1.000000000052601479e+00, 8.640000000000000000e+04, 8.640000000454476685e+04
3.600000000000000000e+03, 1.000000000072096107e+00, 8.640000000000000000e+04, 8.640000000622910738e+04
